desired_tick_rate_L,desired_tick_rate_R,state_est_x,state_est_y,state_est_theta,deltaleftEnc,deltarightEnc
-3.342013718636518,-325.2032520325203,0.0,0.0,0.0,0,0
-18.40444950653801,-325.20325203252025,0.012486236190075072,0.0010537877852227274,0.16839285714285715,1.0,162.0
-34.32699238299674,-325.2032520325203,0.025228364747280692,0.004285755679907014,0.3284183673469388,9.0,162.0
-51.66125858354434,-325.2032520325203,0.0378798648793623,0.009698180718516247,0.480076530612245,17.0,162.0
-71.23377586892776,-325.2032520325203,0.050122480977360315,0.017233228509848757,0.6233673469387756,25.0,162.0
-93.61864983121967,-325.2032520325203,0.06180460986809828,0.02687065341076552,0.7561989795918369,35.0,162.0
-120.0986011946438,-325.2032520325203,0.07274995677490625,0.038527388849542064,0.8775255102040819,46.0,162.0
-151.88422553175855,-325.2032520325203,0.08294087127217221,0.05221687937227207,0.9842091836734697,60.0,162.0
-171.1618878669351,-289.7224956913176,0.09232513069917954,0.06783357878018952,1.0752040816326534,75.0,162.0
-180.39905410602967,-247.92534692893665,0.10021520551323569,0.08357081928064644,1.1369132653061227,85.0,144.0
-185.58509976382746,-213.08751478383763,0.1068415357617992,0.09854452637266602,1.1714285714285717,90.0,123.0
-187.98157004883257,-183.63912812036963,0.11265727528438964,0.11261092695589553,1.1860714285714289,92.0,106.0
-187.80879620103082,-159.04305913722789,0.1179796627638125,0.12571639209525182,1.183979591836735,93.0,91.0
-185.70892329214482,-138.22728865179067,0.1230572690221395,0.13792509476733777,1.1693367346938779,93.0,79.0
-182.16641473684868,-120.45253385807756,0.12803036542914203,0.1492589090808107,1.1452806122448984,92.0,69.0
-177.15350097540576,-105.51979621271333,0.13299285908040945,0.15975282268712343,1.1128571428571432,91.0,60.0
-171.22754620637878,-92.93639149844134,0.13793185611321704,0.16931512965562837,1.0752040816326534,88.0,52.0
-164.823180795744,-81.96747679022499,0.14290064363723615,0.1780746181356583,1.0344132653061227,85.0,46.0
-157.7609497957095,-72.77220245451406,0.14786936709405374,0.18602903444184762,0.9904846938775512,82.0,40.0
-150.8336677540879,-64.42040361512848,0.15283420153933483,0.19325078859118353,0.9465561224489798,78.0,36.0
-143.70595843984944,-57.11880583851864,0.15779078174902703,0.1998153311697272,0.9015816326530615,75.0,32.0
-136.51778367744657,-50.868473880668965,0.16264521033110907,0.20567674192415225,0.8566071428571431,71.0,28.0
-129.2929254110621,-45.3838212429005,0.1674483737877981,0.21097232345019376,0.8116326530612248,68.0,25.0
-122.1982083867532,-40.64691098740801,0.17210322832907016,0.21566710307889828,0.7677040816326534,64.0,22.0
-115.30596359173364,-36.32394827983325,0.1766751942585915,0.21989452543831792,0.7248214285714288,61.0,20.0
-108.8172825389241,-32.36665714846301,0.1810685047097177,0.2236283244313879,0.6840306122448983,57.0,18.0
-102.46789488443702,-28.912877976561884,0.1853058945193671,0.22694530787475617,0.6442857142857146,54.0,16.0
-96.20955207713219,-26.02063554071481,0.18935836230668018,0.22986870736822518,0.6055867346938778,51.0,14.0
-128.242390102956,14.640890031233116,0.19326202855182692,0.23246709681885167,0.568979591836735,48.0,13.0
-103.1337227985267,-2.327908190200439,0.197038637860063,0.23468926932533482,0.4947193877551023,64.0,-7.0
-85.4924336672886,-12.466003118253022,0.20060526475864465,0.23649458891374955,0.4424234693877554,51.0,1.0
-72.93627746658557,-18.056493807351455,0.20396912908032414,0.23801133438525487,0.4047704081632656,42.0,6.0
-63.718569875019234,-20.722294090961288,0.20716788012202808,0.23932862978258343,0.37653061224489826,36.0,9.0
-56.696084510731026,-21.763122248784335,0.21011150394821185,0.24045530399705195,0.35456632653061254,31.0,10.0
-50.723619930623805,-22.18389554168804,0.21286046936402162,0.24144368181205078,0.3357397959183676,28.0,10.0
-46.39634830470024,-21.246705640534916,0.21548005666527947,0.24233632878655337,0.3210969387755105,25.0,11.0
-42.40436409469953,-20.40973346825365,0.21789265901442303,0.24312060212572278,0.3075000000000003,23.0,10.0
-39.26613736785668,-19.00932776024605,0.22016811114847704,0.24382884103403982,0.29599489795918393,21.0,10.0
-36.508775019359234,-17.665712611079552,0.22223025943130467,0.2444459315538431,0.28553571428571456,19.0,9.0
-33.7280585479819,-16.6370279049086,0.22415099980703831,0.244998885414058,0.2750765306122452,18.0,8.0
-31.8167522879184,-15.030992917554679,0.22592871700971243,0.24549259235883047,0.2667091836734697,16.0,8.0
-29.900834811911444,-13.722024156000966,0.22756202078888757,0.2459315061629335,0.2583418367346942,15.0,7.0
-27.9425896336269,-12.747907180702013,0.2290501290660638,0.24631808087162452,0.2499744897959187,14.0,6.0
-26.457763019875202,-11.446462177608103,0.23046666922418282,0.24667422602610672,0.24265306122449012,13.0,6.0
-24.553691290795378,-10.710408986101843,0.23181126002276434,0.24700108937197154,0.23428571428571462,13.0,5.0
-23.10035958462248,-9.669816577713394,0.23308353383289293,0.2472998227274675,0.22696428571428606,12.0,5.0
-21.54859747061165,-9.020693566494396,0.2342080281093202,0.24755518499544632,0.2196428571428575,11.0,4.0
-30.000000000000053,30.000000000000053,0.23525915216849017,0.24778638247539383,0.21336734693877588,10.0,4.0
-25.588235294117702,25.588235294117702,0.23525915216849017,0.24778638247539383,0.18198979591836772,15.0,-15.0
-22.05882352941182,22.05882352941182,0.23525915216849017,0.24778638247539383,0.1568877551020412,12.0,-12.0
-18.82352941176476,18.82352941176476,0.23525915216849017,0.24778638247539383,0.13387755102040855,11.0,-11.0
-16.176470588235354,16.176470588235354,0.23525915216849017,0.24778638247539383,0.11505102040816365,9.0,-9.0
-13.823529411764763,13.823529411764763,0.23525915216849017,0.24778638247539383,0.09831632653061262,8.0,-8.0
-12.058823529411818,12.058823529411818,0.23525915216849017,0.24778638247539383,0.08576530612244936,6.0,-6.0
-10.29411764705888,10.29411764705888,0.23525915216849017,0.24778638247539383,0.07321428571428609,6.0,-6.0
-8.823529411764762,8.823529411764762,0.23525915216849017,0.24778638247539383,0.0627551020408167,5.0,-5.0
-7.647058823529465,7.647058823529465,0.23525915216849017,0.24778638247539383,0.05438775510204119,4.0,-4.0
0,0,0.23525915216849017,0.24778638247539383,0.04811224489795956,3.0,-3.0
325.2032520325203,-0.9349197502464898,0.23525915216849017,0.24778638247539383,0.04811224489795956,0.0,0.0
325.2032520325203,14.239148890139319,0.2229151092112894,0.24613699091082145,0.21755102040816368,-162.0,0.0
325.2032520325203,30.65643495904172,0.21049817107095045,0.2423148889714927,0.3796683673469392,-162.0,-7.0
325.2032520325203,48.76717729609593,0.19828488898367078,0.23631632348279805,0.5334183673469393,-162.0,-15.0
325.2032520325203,69.24565766218406,0.18652891081003015,0.22817683770399202,0.6777551020408168,-162.0,-24.0
325.2032520325203,93.14006496112239,0.17544984721494072,0.21796488852149196,0.811632653061225,-162.0,-34.0
325.2032520325203,121.74108026951876,0.16516715771635906,0.2057196283496639,0.93295918367347,-162.0,-46.0
318.28090342359536,153.89594561557598,0.15575036715934062,0.19148653505734867,1.0396428571428578,-162.0,-60.0
270.4957552068759,167.8290834810321,0.14728413679550734,0.17552753289345596,1.1264540816326536,-159.0,-76.0
230.64933005324295,176.97085169768584,0.14049424536084518,0.16020587907058156,1.1808418367346944,-135.0,-83.0
197.53288527544308,182.1179996584417,0.134766216376628,0.1456895015749185,1.2090816326530618,-115.0,-88.0
170.14902255882268,183.93461791601828,0.12967436358732695,0.13208157105397916,1.2164030612244903,-98.0,-91.0
146.74657652666704,183.8576630375079,0.1249393716116876,0.1194071578134922,1.2101275510204086,-85.0,-91.0
127.2370874264353,181.6950472857616,0.12037934073166405,0.10765321487406836,1.1913010204081638,-73.0,-91.0
110.89518449448983,177.91698682692729,0.1158683128281793,0.09679078739354602,1.1630612244897964,-63.0,-90.0
96.92253358657305,173.10751425145355,0.11133569149067982,0.08677559188489671,1.1285459183673474,-55.0,-88.0
85.05762560710268,167.34297163396047,0.1067428864211181,0.07755486018098579,1.0888010204081637,-48.0,-86.0
74.88713316961953,161.00386781704822,0.10210695270446953,0.0691377225163479,1.0459183673469392,-42.0,-83.0
66.08654560187036,154.2681144463032,0.09742592747085999,0.061457437078752765,1.0009438775510209,-37.0,-80.0
58.29381883057257,147.3620978734447,0.09270110403500276,0.05444429173857377,0.9549234693877555,-33.0,-77.0
51.50845289585713,140.42595174811032,0.08802537311028588,0.048149631947755345,0.9089030612244902,-29.0,-73.0
45.95146920109707,133.11097372652895,0.08340247169857172,0.04249592366882936,0.8618367346938779,-25.0,-70.0
41.14229991811881,125.90821267502615,0.07888117742741883,0.037463715096677355,0.8158163265306125,-22.0,-66.0
36.648318373650916,119.13136636696612,0.07446159440666106,0.03296876793512701,0.7718877551020411,-20.0,-62.0
32.602509529102726,112.52540017977674,0.0701322553236825,0.028931959357151156,0.7290051020408166,-18.0,-59.0
29.05691988605198,106.05000398245218,0.06592782715724556,0.02533209702738469,0.687168367346939,-16.0,-56.0
26.070560444201053,99.65697990946386,0.06188035514827846,0.022146675826467486,0.6463775510204084,-14.0,-53.0
23.089888310391505,93.91274723282304,0.058022228830496375,0.019348104694883142,0.6087244897959186,-13.0,-49.0
-17.314616266378177,126.2580707780449,0.054382177123546996,0.0169086678569306,0.5721173469387758,-11.0,-46.0
-0.33082260543443603,101.42294103043488,0.050744826329878756,0.014753042606701324,0.49785714285714316,8.0,-63.0
9.855311061830049,84.02463821607284,0.04732084104188192,0.013006406179140853,0.44556122448979624,0.0,-50.0
16.44149482446717,70.76388443051991,0.044100185369060955,0.011546118159732976,0.40581632653061256,-4.0,-42.0
19.281886516841197,61.66255110076038,0.041044919260580605,0.010284172975901156,0.3775765306122452,-8.0,-35.0
20.523932040811353,54.73039656361116,0.03824600929776533,0.009209530460606703,0.3556122448979595,-9.0,-30.0
20.493169257817943,49.355695888141305,0.035570898207929726,0.008242964478552939,0.33783163265306154,-10.0,-27.0
19.736035176937968,45.14125317372451,0.03309861248060596,0.007394735532471058,0.3231887755102044,-10.0,-24.0
19.105754421779523,41.23555914424305,0.03083377455631528,0.006653254620835637,0.3095918367346942,-9.0,-22.0
17.936699632491415,38.15902608129601,0.028706516380205722,0.005986257212444843,0.29808673469387786,-9.0,-20.0
17.101798402271918,35.03940408867548,0.026718952260230824,0.005388086660166145,0.2865816326530615,-8.0,-19.0
15.70973582787306,32.768573196345045,0.024872922937770155,0.004853503405433631,0.27716836734693906,-8.0,-17.0
14.635204742454746,30.4723068305389,0.023170021673729283,0.004377695355319936,0.2677551020408166,-7.0,-16.0
13.217328441124538,28.665170486166012,0.021537177855852185,0.003937073489180105,0.2593877551020411,-7.0,-15.0
12.123906282402492,26.826165472001822,0.020049474718144798,0.0035489425524389165,0.2510204081632656,-6.0,-14.0
10.68588129435199,25.47790643461078,0.01863330783352499,0.0031913160076589924,0.24369897959183703,-6.0,-13.0
9.589454791455625,24.080987567706654,0.017363902405595877,0.002880619813332283,0.23637755102040847,-5.0,-12.0
9.083378351959013,22.239933422367443,0.01616691081171974,0.0025975807273567546,0.22801020408163297,-4.0,-12.0
8.302497512921938,20.819948588598027,0.015042684238397688,0.0023410424700508383,0.2206887755102044,-4.0,-11.0
-30.147058823529466,30.147058823529466,0.01399180256781043,0.002108745726802609,0.21441326530612279,-4.0,-10.0
-25.735294117647115,25.735294117647115,0.01399180256781043,0.002108745726802609,0.18303571428571463,15.0,-15.0
-22.20588235294123,22.20588235294123,0.01399180256781043,0.002108745726802609,0.1579336734693881,12.0,-12.0
-18.97058823529417,18.97058823529417,0.01399180256781043,0.002108745726802609,0.13492346938775546,11.0,-11.0
-16.323529411764756,16.323529411764756,0.01399180256781043,0.002108745726802609,0.11609693877551056,9.0,-9.0
-13.97058823529417,13.97058823529417,0.01399180256781043,0.002108745726802609,0.09936224489795953,8.0,-8.0
-12.205882352941227,12.205882352941227,0.01399180256781043,0.002108745726802609,0.08681122448979627,6.0,-6.0
-10.441176470588287,10.441176470588287,0.01399180256781043,0.002108745726802609,0.074260204081633,6.0,-6.0
-8.970588235294167,8.970588235294167,0.01399180256781043,0.002108745726802609,0.06380102040816361,5.0,-5.0
-7.794117647058874,7.794117647058874,0.01399180256781043,0.002108745726802609,0.0554336734693881,4.0,-4.0
0,0,0.01399180256781043,0.002108745726802609,0.04915816326530647,3.0,-3.0
-151.67253749143723,325.2032520325203,0.01399180256781043,0.002108745726802609,0.04915816326530647,0.0,0.0
-139.9070279324754,325.2032520325203,0.007322370595066002,0.0026084388091635437,-0.19872448979591795,75.0,-162.0
-127.7356354256793,325.2032520325203,0.0005348700149707016,0.00485419007896859,-0.4403316326530611,69.0,-162.0
-114.94693546892853,325.2032520325203,-0.005921353610498327,0.008883928207998883,-0.6756632653061221,63.0,-162.0
-101.14983917256832,325.2032520325203,-0.011601607869893053,0.01461889791709527,-0.9047193877551019,57.0,-162.0
-85.87132786999622,325.2032520325203,-0.01614012330510707,0.02193558963154683,-1.1264540816326534,50.0,-162.0
-68.3116451220092,325.2032520325203,-0.01919617012036378,0.03063968078817883,-1.3398214285714287,42.0,-162.0
-46.827251942161716,325.2032520325203,-0.020456888235221196,0.04039858389431071,-1.5448214285714288,34.0,-162.0
-19.332162782095878,325.2032520325203,-0.019701270450270383,0.05105745922915214,-1.7383163265306125,23.0,-162.0
18.28284700393844,325.2032520325203,-0.016712248420498635,0.0624331988016443,-1.9171683673469389,9.0,-162.0
62.797767081800906,273.80630881156685,-0.011275454693277811,0.07440185497551266,-2.0771938775510206,-9.0,-162.0
98.67318053768759,216.56313240058964,-0.004441795508711144,0.08527009106352679,-2.187015306122449,-31.0,-136.0
125.86123095804732,170.8890996292582,0.002834277117816037,0.09489965907170488,-2.2487244897959187,-49.0,-108.0
145.73378676571826,134.95007090937403,0.010027163575294415,0.10361553595245813,-2.2727806122448984,-62.0,-85.0
159.5924246768187,106.76329956938899,0.016905877784959833,0.11179269147637794,-2.2675510204081633,-72.0,-67.0
168.7221086970548,84.56407161430843,0.023311439151899073,0.11966292271976434,-2.2403571428571425,-79.0,-53.0
174.08821888890571,67.00319025855086,0.029154875746157178,0.12738805623520505,-2.196428571428571,-84.0,-42.0
176.40058669438844,53.162399531756286,0.0343438317093858,0.13501533366635138,-2.1399489795918365,-87.0,-33.0
176.4860091345732,42.07399325763021,0.03882498105576847,0.14254677540070174,-2.0751020408163257,-88.0,-26.0
175.15396950574282,32.75164683515509,0.04261441132240626,0.1500203383826344,-2.0050255102040806,-88.0,-21.0
172.3453160940787,25.306276386486115,0.045676704869311725,0.157322328642023,-1.9307653061224475,-87.0,-16.0
168.36317546540045,19.30808958810065,0.04805565093380508,0.1644706154776733,-1.8533673469387741,-86.0,-12.0
163.67985951923896,14.280697061641142,0.04977832413418207,0.1714093444632533,-1.7749234693877538,-84.0,-9.0
158.81329113041215,9.725259398434702,0.050892348234553665,0.17808198826491026,-1.6975255102040805,-81.0,-7.0
153.0933377998943,6.331572451802204,0.05144998682311609,0.18443819897532343,-1.6190816326530602,-79.0,-4.0
147.54009293212636,2.993740527357573,0.05151138073158327,0.19051101364840775,-1.5427295918367339,-76.0,-3.0
141.61675925889938,0.3921705867228401,0.05113778630804727,0.19618748295328406,-1.4674234693877546,-73.0,-1.0
135.77186256225295,-2.0076953097255608,0.05038697649310647,0.20151609779996688,-1.3942091836734694,-70.0,0.0
129.97942848631936,-4.149984149736324,0.049318644714316316,0.20647609843231834,-1.3230867346938773,-67.0,1.0
124.20412676547491,-5.971880274778148,0.047991276436264954,0.2110537869884483,-1.2540561224489792,-64.0,2.0
195.69836261162405,-84.94672194533737,0.046408752201596445,0.21538631203704142,-1.1871173469387752,-62.0,2.0
150.83507918218038,-47.21577077111374,0.044545447983459094,0.21918172221333285,-1.041734693877551,-97.0,42.0
120.81569448241162,-24.240164395593943,0.042353680377016555,0.22252479879177808,-0.9392346938775509,-75.0,23.0
99.86781864065127,-9.950629770796924,0.04006451413285185,0.22541889932675901,-0.8639285714285716,-60.0,12.0
85.8793939311035,-2.2903980652729383,0.03774576794058974,0.22798613353627223,-0.808494897959184,-49.0,4.0
75.12771563222006,2.6466815315258208,0.035518414545552525,0.23021620368522297,-0.7635204081632656,-42.0,1.0
66.71268207684858,5.640869945906475,0.033370432828137224,0.23219607138387094,-0.7258673469387755,-37.0,-1.0
59.89183966647885,7.447536576101781,0.03132936152546179,0.23394920880803935,-0.6934438775510205,-33.0,-2.0
54.76684641459714,7.973930516598035,0.029416295899919752,0.2354957468490747,-0.6662499999999998,-29.0,-3.0
50.27348850535226,8.14595444073506,0.027585502895053977,0.23689823964258008,-0.6411479591836731,-27.0,-3.0
47.128065595583664,7.10660944429214,0.025784324380715793,0.23821196292018137,-0.6191836734693874,-25.0,-4.0
44.04954540194249,6.427954961493912,0.02414459375490741,0.23935489119320907,-0.5982653061224488,-23.0,-3.0
41.45765160814875,5.402583723876756,0.022545845227369715,0.2404214776460206,-0.5783928571428572,-22.0,-3.0
38.8584700747881,4.814930194802786,0.021121049666307797,0.241332676950058,-0.5595663265306126,-20.0,-2.0
36.70038181084028,3.9278803855418243,0.019745326140390873,0.242177420355397,-0.541785714285715,-19.0,-2.0
34.25599783541677,3.614421540456868,0.018487231796418136,0.24291946079384277,-0.5240051020408174,-18.0,-1.0
32.19487766701679,3.0603727725487078,0.01728339914567864,0.24360177378031858,-0.5072704081632669,-17.0,-1.0
30.533161990888132,2.25026523024735,0.01613614899756773,0.24422766463604703,-0.49158163265306243,-16.0,-1.0
29.28703395505573,1.1684977507073184,0.015047574882153176,0.24480029575225487,-0.476938775510205,-15.0,-1.0
65.0000000000001,-65.0000000000001,0.014087838069917149,0.24528734740633176,-0.4622959183673476,-14.0,0.0
55.58823529411777,-55.58823529411777,0.014087838069917149,0.24528734740633176,-0.39535714285714363,-32.0,32.0
47.64705882352953,-47.64705882352953,0.014087838069917149,0.24528734740633176,-0.33887755102040895,-27.0,27.0
40.882352941176556,-40.882352941176556,0.014087838069917149,0.24528734740633176,-0.29076530612244955,-23.0,23.0
35.00000000000013,-35.00000000000013,0.014087838069917149,0.24528734740633176,-0.24892857142857228,-20.0,20.0
30.000000000000103,-30.000000000000103,0.014087838069917149,0.24528734740633176,-0.21336734693877624,-17.0,17.0
25.588235294117784,-25.588235294117784,0.014087838069917149,0.24528734740633176,-0.18198979591836828,-15.0,15.0
22.058823529411875,-22.058823529411875,0.014087838069917149,0.24528734740633176,-0.15688775510204156,-12.0,12.0
18.82352941176481,-18.82352941176481,0.014087838069917149,0.24528734740633176,-0.13387755102040888,-11.0,11.0
16.17647058823544,-16.17647058823544,0.014087838069917149,0.24528734740633176,-0.11505102040816428,-9.0,9.0
13.823529411764792,-13.823529411764792,0.014087838069917149,0.24528734740633176,-0.09831632653061284,-8.0,8.0
12.058823529411837,-12.058823529411837,0.014087838069917149,0.24528734740633176,-0.08576530612244948,-6.0,6.0
10.294117647058881,-10.294117647058881,0.014087838069917149,0.24528734740633176,-0.07321428571428612,-6.0,6.0
8.823529411764774,-8.823529411764774,0.014087838069917149,0.24528734740633176,-0.0627551020408168,-5.0,5.0
7.6470588235295125,-7.6470588235295125,0.014087838069917149,0.24528734740633176,-0.054387755102041524,-4.0,4.0
0,0,0.014087838069917149,0.24528734740633176,-0.04811224489796029,-3.0,3.0
325.2032520325203,-152.86767210401365,0.014087838069917149,0.24528734740633176,-0.04811224489796029,0.0,0.0
325.2032520325203,-141.07766992464047,0.007495849294374959,0.2447830552830284,0.20081632653061116,-162.0,76.0
325.2032520325203,-128.8600358444469,0.0007871645784771654,0.24254390240019988,0.44346938775510103,-162.0,70.0
325.2032520325203,-115.99547647523364,-0.005589199164523346,0.23853149981827362,0.6798469387755093,-162.0,64.0
325.2032520325203,-102.2473783321959,-0.011245410542267138,0.23277281603932667,0.9089030612244888,-162.0,57.0
325.2032520325203,-86.8112645180501,-0.015709224316590276,0.2255003619243949,1.1316836734693867,-162.0,51.0
325.2032520325203,-68.99620808588081,-0.01869010073291575,0.21685151420887697,1.3460969387755093,-162.0,43.0
325.2032520325203,-47.339918898366214,-0.019889552328985424,0.2070848916673488,1.5510969387755094,-162.0,34.0
325.2032520325203,-19.46552722273028,-0.019067059980980797,0.19643096807187943,1.744591836734693,-162.0,23.0
325.2032520325203,18.9817926086549,-0.016006708706695055,0.18507421001363047,1.9234438775510196,-162.0,9.0
268.13727029357483,63.680409341484044,-0.010494913104149522,0.17313990794453632,2.0834693877551014,-162.0,-9.0
211.3782734506029,99.43784393780922,-0.0036870309687803953,0.16243728630441717,2.191198979591836,-134.0,-31.0
166.73905994734577,126.03925624467928,0.0034746822171318184,0.15301041695106177,2.249770408163265,-105.0,-49.0
131.52545139145744,145.35604138596818,0.01061410945680831,0.14435009693665898,2.2706887755102034,-83.0,-63.0
104.02269440707364,158.76406514298557,0.017368527294951037,0.13626936487307684,2.2633673469387747,-65.0,-72.0
82.01875981463012,167.8049516325502,0.023688729741970345,0.12842892299016512,2.2351275510204074,-52.0,-79.0
64.60753365696883,173.21671461158732,0.02939957688263687,0.12079644100945,2.191198979591836,-41.0,-83.0
50.94074621397755,175.54686675774792,0.03446275789726125,0.11326970369666652,2.1347193877551014,-32.0,-86.0
40.05491653364413,175.61968745866838,0.03882653518600637,0.10584747035526365,2.069872448979591,-25.0,-87.0
30.964855605548074,174.24455254330238,0.04250801737783419,0.098491683822752,1.9997959183673462,-20.0,-87.0
23.802502699026494,171.23959081526078,0.045498932717158075,0.0912432614429857,1.9244897959183667,-15.0,-87.0
18.106723110805884,167.1397576281863,0.04778533960850281,0.0842263715673206,1.8470918367346931,-11.0,-85.0
12.814281029365677,162.8108849222311,0.04944997526752269,0.07735256298890358,1.7696938775510196,-9.0,-83.0
8.594944766614182,157.7016689695362,0.05051337345550487,0.07074951821323977,1.6912499999999993,-6.0,-81.0
4.96426025893328,152.31603297199808,0.05102816069948469,0.0644668230785117,1.6138520408163257,-4.0,-78.0
1.9918761546714654,146.4981426728238,0.05105428468566413,0.05847062998623673,1.5364540816326522,-2.0,-76.0
-0.20220476208573435,140.26427747655927,0.05064767784688162,0.05287350466208324,1.4601020408163257,0.0,-73.0
-2.8035472413616294,134.60166189971548,0.04985787543035171,0.047550529581797445,1.38688775510204,0.0,-70.0
-5.164833985781264,129.01348012022004,0.04875325831857964,0.04259848353002447,1.3157653061224481,1.0,-67.0
-7.224269923708991,123.46506093362657,0.04739241069567461,0.03803063580820473,1.24673469387755,2.0,-64.0
-85.34316603431502,194.34256615835127,0.04583201561279346,0.033853840535771534,1.179795918367346,3.0,-61.0
-47.85666200751295,149.7142957122915,0.04394097375782334,0.030072174009175598,1.0344132653061215,42.0,-97.0
-25.14592723776249,120.08990597077036,0.04176911464611847,0.026808077137217057,0.9329591836734685,23.0,-74.0
-11.059741872894175,99.34248577318891,0.03946183163958074,0.023928399181656363,0.8576530612244889,12.0,-60.0
-2.7675156125995053,84.85952447064555,0.03717760025334134,0.021433686127191216,0.8011734693877542,5.0,-49.0
2.048369630774428,74.22552624569987,0.034933979401362794,0.01921998301064825,0.7561989795918359,1.0,-42.0
4.915871283655315,65.93448261720775,0.03277155992272598,0.017255894529720754,0.7185459183673462,-1.0,-37.0
6.488347321160617,59.48943616023113,0.03077727273443473,0.015566365698029095,0.687168367346938,-2.0,-32.0
6.867677879551104,54.51056036284381,0.02885453952741624,0.014031863493850685,0.6599744897959176,-3.0,-29.0
6.87685148791605,50.1794544398796,0.027014981272535453,0.012640887401532795,0.634872448979591,-3.0,-27.0
6.496075939835344,46.518836616813985,0.02526732928622046,0.011384317154897435,0.6118622448979584,-3.0,-25.0
5.706409137351889,43.55010331316024,0.023619274814759617,0.010253424577506496,0.5909438775510196,-3.0,-23.0
5.357688355695655,40.56968356525315,0.022141281433007143,0.009282959957275091,0.5710714285714278,-2.0,-21.0
4.7260493287571395,38.013078408558144,0.02070985283763968,0.008382216520516135,0.5522448979591829,-2.0,-20.0
3.7847038212529314,35.908030984921965,0.019327981509979858,0.0075475679271448425,0.534464285714285,-2.0,-19.0
3.385539519757239,33.69360284724061,0.018131351011724,0.006852701383739607,0.517729591836734,-1.0,-17.0
2.75563019756536,31.853016543938303,0.01699070980254769,0.006214845680971492,0.5020408163265299,-1.0,-16.0
1.88370813775436,30.398137224583333,0.01590818437343702,0.005630860496802619,0.48739795918367274,-1.0,-15.0
1.6844398218000614,28.41446721172877,0.014885130736684404,0.005098828052348101,0.47170918367346865,0.0,-15.0
-64.26470588235286,64.26470588235286,0.013922859978417948,0.004616802067275409,0.4570663265306115,0.0,-14.0
-54.852941176470495,54.852941176470495,0.013922859978417948,0.004616802067275409,0.3901275510204074,32.0,-32.0
-46.911764705882256,46.911764705882256,0.013922859978417948,0.004616802067275409,0.33364795918367274,27.0,-27.0
-40.14705882352931,40.14705882352931,0.013922859978417948,0.004616802067275409,0.28553571428571356,23.0,-23.0
-34.26470588235284,34.26470588235284,0.013922859978417948,0.004616802067275409,0.243698979591836,20.0,-20.0
-29.264705882352843,29.264705882352843,0.013922859978417948,0.004616802067275409,0.20813775510204008,17.0,-17.0
-25.14705882352931,25.14705882352931,0.013922859978417948,0.004616802067275409,0.17885204081632577,14.0,-14.0
-21.61764705882343,21.61764705882343,0.013922859978417948,0.004616802067275409,0.15374999999999925,12.0,-12.0
-18.67647058823519,18.67647058823519,0.013922859978417948,0.004616802067275409,0.13283163265306047,10.0,-10.0
-16.029411764705777,16.029411764705777,0.013922859978417948,0.004616802067275409,0.11400510204081557,9.0,-9.0
-13.67647058823519,13.67647058823519,0.013922859978417948,0.004616802067275409,0.09727040816326454,8.0,-8.0
-11.911764705882248,11.911764705882248,0.013922859978417948,0.004616802067275409,0.08471938775510128,6.0,-6.0
-10.44117647058813,10.44117647058813,0.013922859978417948,0.004616802067275409,0.07426020408163189,5.0,-5.0
-8.970588235294013,8.970588235294013,0.013922859978417948,0.004616802067275409,0.0638010204081625,5.0,-5.0
-7.794117647058717,7.794117647058717,0.013922859978417948,0.004616802067275409,0.05543367346938699,4.0,-4.0
0,0,0.013922859978417948,0.004616802067275409,0.04915816326530536,3.0,-3.0
325.2032520325203,-325.2032520325203,0.013922859978417948,0.004616802067275409,0.04915816326530536,0.0,0.0
325.068149210904,-325.068149210904,0.013922859978417948,0.004616802067275409,0.3880357142857136,-162.0,162.0
277.4210903873746,-277.4210903873746,0.013922859978417948,0.004616802067275409,0.7269132653061219,-162.0,162.0
236.83285509325694,-236.83285509325694,0.013922859978417948,0.004616802067275409,1.015586734693877,-138.0,138.0
202.12697274031578,-202.12697274031578,0.013922859978417948,0.004616802067275409,1.2624234693877545,-118.0,118.0
172.42109038737456,-172.42109038737456,0.013922859978417948,0.004616802067275409,1.4736989795918363,-101.0,101.0
147.12697274031572,-147.12697274031572,0.013922859978417948,0.004616802067275409,1.6535969387755098,-86.0,86.0
125.65638450502159,-125.65638450502159,0.013922859978417948,0.004616802067275409,1.8063010204081629,-73.0,73.0
107.42109038737458,-107.42109038737458,0.013922859978417948,0.004616802067275409,1.9359948979591832,-62.0,62.0
91.83285509325691,-91.83285509325691,0.013922859978417948,0.004616802067275409,2.0468622448979588,-53.0,53.0
78.59756097560988,-78.59756097560988,0.013922859978417948,0.004616802067275409,2.140994897959183,-45.0,45.0
67.12697274031574,-67.12697274031574,0.013922859978417948,0.004616802067275409,2.2225765306122445,-39.0,39.0
57.421090387374555,-57.421090387374555,0.013922859978417948,0.004616802067275409,2.2916071428571425,-33.0,33.0
49.18579626972747,-49.18579626972747,0.013922859978417948,0.004616802067275409,2.3501785714285712,-28.0,28.0
42.12697274031571,-42.12697274031571,0.013922859978417948,0.004616802067275409,2.4003826530612242,-24.0,24.0
35.950502152080425,-35.950502152080425,0.013922859978417948,0.004616802067275409,2.4443112244897955,-21.0,21.0
30.95050215208041,-30.95050215208041,0.013922859978417948,0.004616802067275409,2.4798724489795916,-17.0,17.0
26.538737446198084,-26.538737446198084,0.013922859978417948,0.004616802067275409,2.5112499999999995,-15.0,15.0
22.71520803443339,-22.71520803443339,0.013922859978417948,0.004616802067275409,2.53844387755102,-13.0,13.0
19.479913916786327,-19.479913916786327,0.013922859978417948,0.004616802067275409,2.5614540816326525,-11.0,11.0
16.832855093256896,-16.832855093256896,0.013922859978417948,0.004616802067275409,2.5802806122448976,-9.0,9.0
14.479913916786309,-14.479913916786309,0.013922859978417948,0.004616802067275409,2.5970153061224486,-8.0,8.0
12.421090387374573,-12.421090387374573,0.013922859978417948,0.004616802067275409,2.6116581632653055,-7.0,7.0
10.656384505021617,-10.656384505021617,0.013922859978417948,0.004616802067275409,2.624209183673469,-6.0,6.0
9.185796269727508,-9.185796269727508,0.013922859978417948,0.004616802067275409,2.634668367346938,-5.0,5.0
8.009325681492184,-8.009325681492184,0.013922859978417948,0.004616802067275409,2.643035714285714,-4.0,4.0
0,0,0.013922859978417948,0.004616802067275409,2.6514030612244897,-4.0,4.0
131.01099010559466,-131.01099010559466,0.013922859978417948,0.004616802067275409,2.6514030612244897,0.0,0.0
111.89334304677111,-111.89334304677111,0.013922859978417948,0.004616802067275409,2.7873724489795917,-65.0,65.0
95.71687245853579,-95.71687245853579,0.013922859978417948,0.004616802067275409,2.902423469387755,-55.0,55.0
81.89334304677101,-81.89334304677101,0.013922859978417948,0.004616802067275409,3.0007397959183675,-47.0,47.0
70.12863716441814,-70.12863716441814,0.013922859978417948,0.004616802067275409,3.0844132653061225,-40.0,40.0
59.83451951735931,-59.83451951735931,0.013922859978417948,0.004616802067275409,-3.125557756159178,-35.0,35.0
51.30510775265345,-51.30510775265345,0.013922859978417948,0.004616802067275409,-3.0648944908530558,-29.0,29.0
43.95216657618285,-43.95216657618285,0.013922859978417948,0.004616802067275409,-3.0125985724857087,-25.0,25.0
37.77569598794757,-37.77569598794757,0.013922859978417948,0.004616802067275409,-2.9686700010571374,-21.0,21.0
32.48157834088876,-32.48157834088876,0.013922859978417948,0.004616802067275409,-2.9310169398326478,-18.0,18.0
27.775695987947586,-27.775695987947586,0.013922859978417948,0.004616802067275409,-2.8975475520775458,-16.0,16.0
23.952166576182893,-23.952166576182893,0.013922859978417948,0.004616802067275409,-2.8703536745265255,-13.0,13.0
20.716872458535835,-20.716872458535835,0.013922859978417948,0.004616802067275409,-2.8473434704448928,-11.0,11.0
17.775695987947614,-17.775695987947614,0.013922859978417948,0.004616802067275409,-2.826425103097954,-10.0,10.0
15.422754811477033,-15.422754811477033,0.013922859978417948,0.004616802067275409,-2.809690409220403,-8.0,8.0
13.363931282065291,-13.363931282065291,0.013922859978417948,0.004616802067275409,-2.795047552077546,-7.0,7.0
11.599225399712338,-11.599225399712338,0.013922859978417948,0.004616802067275409,-2.782496531669383,-6.0,6.0
10.128637164418231,-10.128637164418231,0.013922859978417948,0.004616802067275409,-2.7720373479959135,-5.0,5.0
8.658048929124124,-8.658048929124124,0.013922859978417948,0.004616802067275409,-2.761578164322444,-5.0,5.0
7.481578340888799,-7.481578340888799,0.013922859978417948,0.004616802067275409,-2.7532108173836685,-4.0,4.0
0,0,0.013922859978417948,0.004616802067275409,-2.746935307179587,-3.0,3.0
-117.57890961262551,117.57890961262551,0.013922859978417948,0.004616802067275409,-2.746935307179587,0.0,0.0
-100.52008608321366,100.52008608321366,0.013922859978417948,0.004616802067275409,-2.868261837791832,58.0,-58.0
-85.81420373027245,85.81420373027245,0.013922859978417948,0.004616802067275409,-2.972853674526526,50.0,-50.0
-73.4612625538019,73.4612625538019,0.013922859978417948,0.004616802067275409,-3.0607108173836686,42.0,-42.0
-62.87302725968429,62.87302725968429,0.013922859978417948,0.004616802067275409,-3.1360169398326483,36.0,-36.0
-53.75538020086067,53.75538020086067,0.013922859978417948,0.004616802067275409,3.0823214285714275,31.0,-31.0
-46.108321377331286,46.108321377331286,0.013922859978417948,0.004616802067275409,3.027933673469387,26.0,-26.0
-39.34361549497831,39.34361549497831,0.013922859978417948,0.004616802067275409,2.9798214285714275,23.0,-23.0
-33.75538020086066,33.75538020086066,0.013922859978417948,0.004616802067275409,2.940076530612244,19.0,-19.0
-29.04949784791949,29.04949784791949,0.013922859978417948,0.004616802067275409,2.906607142857142,16.0,-16.0
-24.93185078909595,24.93185078909595,0.013922859978417948,0.004616802067275409,2.8773214285714275,14.0,-14.0
-21.40243902439004,21.40243902439004,0.013922859978417948,0.004616802067275409,2.8522193877551008,12.0,-12.0
-18.461262553801827,18.461262553801827,0.013922859978417948,0.004616802067275409,2.831301020408162,10.0,-10.0
-15.814203730272393,15.814203730272393,0.013922859978417948,0.004616802067275409,2.812474489795917,9.0,-9.0
-13.755380200860651,13.755380200860651,0.013922859978417948,0.004616802067275409,2.79783163265306,7.0,-7.0
-11.9906743185077,11.9906743185077,0.013922859978417948,0.004616802067275409,2.7852806122448968,6.0,-6.0
-10.520086083213592,10.520086083213592,0.013922859978417948,0.004616802067275409,2.7748214285714274,5.0,-5.0
-9.049497847919485,9.049497847919485,0.013922859978417948,0.004616802067275409,2.764362244897958,5.0,-5.0
-7.873027259684159,7.873027259684159,0.013922859978417948,0.004616802067275409,2.7559948979591824,4.0,-4.0
0,0,0.013922859978417948,0.004616802067275409,2.7497193877551007,3.0,-3.0
-325.2032520325203,325.2032520325203,0.013922859978417948,0.004616802067275409,2.7497193877551007,0.0,0.0
-325.2032520325203,325.2032520325203,0.013922859978417948,0.004616802067275409,2.4108418367346927,162.0,-162.0
-291.3235294117646,291.3235294117646,0.013922859978417948,0.004616802067275409,2.0719642857142846,162.0,-162.0
-248.67647058823516,248.67647058823516,0.013922859978417948,0.004616802067275409,1.7686479591836723,145.0,-145.0
-212.20588235294105,212.20588235294105,0.013922859978417948,0.004616802067275409,1.5092602040816314,124.0,-124.0
-181.02941176470574,181.02941176470574,0.013922859978417948,0.004616802067275409,1.2875255102040803,106.0,-106.0
-154.5588235294116,154.5588235294116,0.013922859978417948,0.004616802067275409,1.0992602040816313,90.0,-90.0
-131.9117647058822,131.9117647058822,0.013922859978417948,0.004616802067275409,0.9381887755102027,77.0,-77.0
-112.79411764705863,112.79411764705863,0.013922859978417948,0.004616802067275409,0.8022193877551007,65.0,-65.0
-96.32352941176454,96.32352941176454,0.013922859978417948,0.004616802067275409,0.6850765306122435,56.0,-56.0
-82.20588235294099,82.20588235294099,0.013922859978417948,0.004616802067275409,0.5846683673469374,48.0,-48.0
-70.14705882352924,70.14705882352924,0.013922859978417948,0.004616802067275409,0.4989030612244884,41.0,-41.0
-59.8529411764704,59.8529411764704,0.013922859978417948,0.004616802067275409,0.4256887755102027,35.0,-35.0
-51.32352941176452,51.32352941176452,0.013922859978417948,0.004616802067275409,0.36502551020408025,29.0,-29.0
-43.97058823529394,43.97058823529394,0.013922859978417948,0.004616802067275409,0.3127295918367333,25.0,-25.0
-37.794117647058634,37.794117647058634,0.013922859978417948,0.004616802067275409,0.2688010204081619,21.0,-21.0
-32.499999999999815,32.499999999999815,0.013922859978417948,0.004616802067275409,0.2311479591836721,18.0,-18.0
-27.794117647058634,27.794117647058634,0.013922859978417948,0.004616802067275409,0.19767857142857004,16.0,-16.0
-23.970588235293924,23.970588235293924,0.013922859978417948,0.004616802067275409,0.17048469387754964,13.0,-13.0
-20.735294117646866,20.735294117646866,0.013922859978417948,0.004616802067275409,0.14747448979591699,11.0,-11.0
-17.79411764705863,17.79411764705863,0.013922859978417948,0.004616802067275409,0.1265561224489782,10.0,-10.0
-15.441176470588042,15.441176470588042,0.013922859978417948,0.004616802067275409,0.10982142857142718,8.0,-8.0
-13.382352941176276,13.382352941176276,0.013922859978417948,0.004616802067275409,0.09517857142857003,7.0,-7.0
-11.617647058823335,11.617647058823335,0.013922859978417948,0.004616802067275409,0.08262755102040677,6.0,-6.0
-10.147058823529216,10.147058823529216,0.013922859978417948,0.004616802067275409,0.07216836734693738,5.0,-5.0
-8.676470588235096,8.676470588235096,0.013922859978417948,0.004616802067275409,0.06170918367346799,5.0,-5.0
-7.499999999999804,7.499999999999804,0.013922859978417948,0.004616802067275409,0.05334183673469248,4.0,-4.0
0,0,0.013922859978417948,0.004616802067275409,0.047066326530610846,3.0,-3.0
-90.63142860184593,325.2032520325203,0.013922859978417948,0.004616802067275409,0.047066326530610846,0.0,0.0
-73.17153240584084,325.2032520325203,0.004945316090467477,0.005166790594926804,-0.1694387755102058,45.0,-162.0
-50.99993862604236,325.20325203252025,-0.004382256847720995,0.007778269514097718,-0.3765306122448999,36.0,-162.0
-21.53263612110476,325.2032520325203,-0.013751430630985434,0.012588568219439761,-0.5721173469387777,25.0,-162.0
19.256117110760542,325.2032520325203,-0.022967666437590704,0.01977189770910171,-0.752015306122451,10.0,-162.0
78.63355974992328,325.2032520325203,-0.0318196385218429,0.029490439104817683,-0.9120408163265328,-9.0,-162.0
139.39164363691899,269.5080223250122,-0.040473273948679084,0.042291807583032456,-1.0406887755102066,-39.0,-162.0
184.68969848400292,216.49184877539537,-0.04790174964952974,0.056015993548054074,-1.1086734693877576,-69.0,-134.0
218.00432940658237,178.8691245088085,-0.05464129014611154,0.06983515484297115,-1.125408163265309,-92.0,-108.0
241.96916398817922,152.69653787243894,-0.06134203897388593,0.08350213756446385,-1.1044897959183704,-109.0,-89.0
259.3410796436523,134.28433465675258,-0.06842410918785558,0.0968015299466144,-1.058469387755105,-120.0,-76.0
271.75126765704584,121.34575858762322,-0.07623215762808525,0.10968810962490867,-0.9936224489795951,-129.0,-67.0
280.24334683455476,112.37086962558838,-0.08489820834606522,0.12191996977960402,-0.9151785714285747,-135.0,-60.0
286.14499855794196,105.6981137926164,-0.09459972910196485,0.13344863194278883,-0.8273214285714321,-140.0,-56.0
289.6323297844285,100.92295234536344,-0.1052595908855789,0.14398837504425338,-0.7321428571428603,-143.0,-52.0
291.83259593413146,96.76921326705607,-0.1168280749579741,0.15340060726244892,-0.6338265306122484,-144.0,-50.0
292.7329493469607,93.16519825714012,-0.1292133053287921,0.16156999698429428,-0.5323724489795953,-145.0,-48.0
292.32228145343385,90.04199497573839,-0.14230482872868813,0.16838685953754962,-0.42778061224490127,-146.0,-46.0
291.1976558645454,86.75658335561504,-0.15596779423646212,0.17376436205256562,-0.3221428571428602,-146.0,-45.0
289.0831214883775,83.61772599685841,-0.16990130509302354,0.17760259490898342,-0.21545918367347205,-145.0,-43.0
285.99627928247514,80.59846727324651,-0.1839378977001378,0.17989078119893664,-0.10772959183673692,-144.0,-41.0
282.5640582736621,77.09507802592785,-0.1979084595466069,0.18065135877978028,-0.001045918367348797,-142.0,-40.0
278.2376752108348,73.68303299522387,-0.2116498940802028,0.1799248759172683,0.1066836734693859,-141.0,-38.0
273.1896322546417,70.25037841799929,-0.22493000857963633,0.1777742641095353,0.21441326530612062,-139.0,-36.0
268.0607206935101,66.2154466295832,-0.23760903590646573,0.17430299306190192,0.32005102040816147,-136.0,-35.0
262.3150503566741,62.17419902450099,-0.24956499823869843,0.16962619733984416,0.4256887755102023,-134.0,-33.0
256.13526841871925,58.05218345301994,-0.26062297860667294,0.1638975884996465,0.5302806122448962,-131.0,-31.0
249.5563213026258,53.876868683214354,-0.2707049557735814,0.15726256406136732,0.6338265306122431,-128.0,-29.0
242.30479663134494,50.12239949751012,-0.27963441705431186,0.1499663699988142,0.7363265306122432,-124.0,-26.0
235.13768732055684,45.88427936229408,-0.28756181414719384,0.14202099779895683,0.8367346938775493,-121.0,-25.0
227.35299536757057,42.16977340026047,-0.2943171930292304,0.1337416597939736,0.9360969387755085,-117.0,-22.0
219.85247566803477,37.98979725642107,-0.3000191605703729,0.12516242219834445,1.0323214285714268,-113.0,-21.0
211.77129607708744,34.45815711207263,-0.30462156709681737,0.11655216877983425,1.1274999999999982,-109.0,-18.0
204.00022852663977,30.572203500704557,-0.3082502791461859,0.10790385099975311,1.2195408163265289,-105.0,-17.0
195.97658212059767,26.96026810737689,-0.3109577314017493,0.09932664376636591,1.3105357142857126,-102.0,-15.0
187.98000276214367,23.60517066872348,-0.31277285372133484,0.09106749762239663,1.3983928571428554,-97.0,-13.0
179.85092405441927,20.629778601700593,-0.31380547982836526,0.08313946455466292,1.4841581632653045,-93.0,-11.0
172.03805247541135,17.538614997307956,-0.31415030865698074,0.07553665547054272,1.5667857142857127,-89.0,-10.0
163.9453740191917,14.977470546400072,-0.3138845856295522,0.06831529269505539,1.6483673469387738,-86.0,-8.0
156.27972131319146,12.404407100312444,-0.31309979011169586,0.06159596825020584,1.7257653061224474,-81.0,-7.0
148.77856613291118,9.899633148872045,-0.31186361088302916,0.055257895422870004,1.8010714285714269,-78.0,-6.0
141.08141846314686,8.100282084287779,-0.3102822477932313,0.049473925779041895,1.8742857142857126,-74.0,-4.0
134.09392149155576,5.899031798866172,-0.3083958278860854,0.0441070555089102,1.9433163265306106,-70.0,-4.0
126.74584510861992,4.524156211838579,-0.30629843392803463,0.03923495814480126,2.011301020408162,-67.0,-2.0
120.06186446388618,2.855181810235663,-0.30402470901089945,0.03478535875083064,2.075102040816325,-63.0,-2.0
113.45234028496019,1.5108797378709535,-0.3016332265239293,0.030751619864246606,2.1368112244897945,-60.0,-1.0
169.07402505246066,-61.5107288480318,-0.29921916470924953,0.02718716611157917,2.1953826530612233,-56.0,0.0
131.7263077146362,-31.48828930130351,-0.29659534173967395,0.023970268602048057,2.3146173469387743,-84.0,30.0
106.47283849971046,-13.210270733821774,-0.293876694586676,0.021253032557830308,2.3982908163265293,-65.0,15.0
88.71363404227321,-2.109661851943501,-0.2911424101797804,0.01889117713299316,2.4599999999999986,-53.0,6.0
75.7617472963593,4.694442614503205,-0.2885270641310517,0.016869514033952083,2.507066326530611,-44.0,1.0
66.22675856069296,8.621470275993351,-0.286080392185737,0.015136727287801563,2.543673469387754,-37.0,-2.0
58.88395093312312,10.623723561324201,-0.2837054796590609,0.01357139676958445,2.5740051020408155,-33.0,-4.0
53.29832010160079,11.289032884544577,-0.28148410269905694,0.012194017568324488,2.599107142857142,-29.0,-5.0
48.667643149768,11.425064833911732,-0.27942973910321284,0.01098617859656725,2.621071428571428,-26.0,-5.0
44.73423439097198,11.147579204263513,-0.2774847013230865,0.00989671041231115,2.6409438775510194,-24.0,-5.0
41.530232771586604,10.426528921076578,-0.27565502976285905,0.008916648617157425,2.6587244897959175,-22.0,-5.0
39.087540722045446,9.231734628495603,-0.27394594121185833,0.008037660653381271,2.6744132653061214,-20.0,-5.0
36.509404211112646,8.460838998082309,-0.2723610867448681,0.007253758660727778,2.6901020408163254,-19.0,-4.0
34.399032268582445,7.365542951258924,-0.270833942140158,0.0065270152955672,2.7047448979591824,-18.0,-4.0
32.11220527590534,6.736237800700566,-0.2694361038614298,0.005886738483147612,2.7193877551020393,-17.0,-3.0
30.262256041627186,5.814189028695951,-0.2680997015460706,0.005297285989618552,2.7329846938775497,-16.0,-3.0
28.175471501010435,5.419360665169579,-0.2668969128174588,0.004786187623401786,2.74658163265306,-15.0,-2.0
26.474416137161924,4.783524125181229,-0.26575868426816573,0.004319994777495578,2.7591326530612235,-14.0,-2.0
25.175017111482653,3.891160231119994,-0.2646864153853651,0.0038958053049688644,2.77063775510204,-13.0,-2.0
50.5395696582494,-50.5395696582494,-0.26375294765330565,0.0035388902116640047,2.782142857142856,-12.0,-1.0
43.1866284817788,-43.1866284817788,-0.26375294765330565,0.0035388902116640047,2.834438775510203,-25.0,25.0
37.010157893543514,-37.010157893543514,-0.26375294765330565,0.0035388902116640047,2.8783673469387745,-21.0,21.0
31.716040246484713,-31.716040246484713,-0.26375294765330565,0.0035388902116640047,2.916020408163264,-18.0,18.0
27.304275540602383,-27.304275540602383,-0.26375294765330565,0.0035388902116640047,2.947397959183672,-15.0,15.0
23.480746128837694,-23.480746128837694,-0.26375294765330565,0.0035388902116640047,2.9745918367346924,-13.0,13.0
20.24545201119063,-20.24545201119063,-0.26375294765330565,0.0035388902116640047,2.997602040816325,-11.0,11.0
17.30427554060241,-17.30427554060241,-0.26375294765330565,0.0035388902116640047,3.0185204081632637,-10.0,10.0
14.95133436413183,-14.95133436413183,-0.26375294765330565,0.0035388902116640047,3.0352551020408147,-8.0,8.0
12.892510834720088,-12.892510834720088,-0.26375294765330565,0.0035388902116640047,3.0498979591836717,-7.0,7.0
11.127804952367134,-11.127804952367134,-0.26375294765330565,0.0035388902116640047,3.062448979591835,-6.0,6.0
9.657216717073025,-9.657216717073025,-0.26375294765330565,0.0035388902116640047,3.0729081632653044,-5.0,5.0
8.480746128837701,-8.480746128837701,-0.26375294765330565,0.0035388902116640047,3.08127551020408,-4.0,4.0
7.3042755406023785,-7.3042755406023785,-0.26375294765330565,0.0035388902116640047,3.089642857142856,-4.0,4.0
0,0,-0.26375294765330565,0.0035388902116640047,3.0959183673469375,-3.0,3.0
259.48177018728796,245.11256365143862,-0.26375294765330565,0.0035388902116640047,3.0959183673469375,0.0,0.0
239.92706704767116,227.77178483615688,-0.24447434989042455,0.0027284505546504244,3.103239795918366,-129.0,-122.0
221.90718272481104,211.68466923031914,-0.22665040737015835,0.0021005190024520302,3.109515306122448,-119.0,-113.0
205.30121958311105,196.67993969302535,-0.21012945540413727,0.0016136287149644158,3.1147448979591825,-110.0,-105.0
189.98978427605425,182.58423721712975,-0.19475916649034156,0.0012330453384898836,3.11892857142857,-102.0,-98.0
175.99664048557216,169.37469733424615,-0.18054045579463382,0.0009330542263030514,3.122066326530611,-94.0,-91.0
162.965492740325,157.26100435374025,-0.16739695027247703,0.0006970050160541434,3.1252040816326514,-87.0,-84.0
150.74672193829497,146.09885428637386,-0.15517516748969445,0.0005158686693311915,3.128341836734692,-81.0,-78.0
139.57296823569803,135.50882821659567,-0.1437985148727991,0.00037701088421214317,3.130433673469386,-75.0,-73.0
129.23278650314538,125.84961513745698,-0.1333440495056717,0.00027128062584846197,3.13252551020408,-69.0,-67.0
119.5778298283341,116.97551811895762,-0.12365811111090946,0.00019358586816800967,3.134617346938774,-64.0,-62.0
110.84257294540619,108.50511421409014,-0.11466392334071294,0.00013555143810754485,3.135663265306121,-59.0,-58.0
102.67430363243862,100.64412605530356,-0.10628467080278325,9.024916196212624e-05,3.136709183673468,-55.0,-54.0
95.07049208007824,93.39509521448743,-0.09852036961878848,5.6392628734190563e-05,3.137755102040815,-51.0,-50.0
88.0286717713219,86.76050037952659,-0.09137103389213734,3.269540833422152e-05,3.1388010204081622,-47.0,-46.0
81.40116513610253,80.59391457014317,-0.08468292610362407,1.7522246067385027e-05,3.1398469387755092,-44.0,-43.0
75.5696496368424,74.66073920666453,-0.07853293547474635,6.786105412641343e-06,3.1398469387755092,-40.0,-40.0
70.18314030502593,69.16491174838114,-0.07284419414303446,-3.144824692996565e-06,3.1398469387755092,-37.0,-37.0
64.85743465302583,64.34356734611026,-0.06753982310840259,-9.630777474890567e-06,3.1408928571428563,-35.0,-34.0
60.179471902303284,59.60976899272103,-0.0626198243131016,-1.3073775712805776e-05,3.1408928571428563,-32.0,-32.0
55.54474384846541,55.56802715379646,-0.05808419938401932,-1.3875843220814823e-05,-3.141246531669383,-30.0,-29.0
51.56951375137472,51.60208082946793,-0.053932949632679986,-1.2439004627400567e-05,-3.141246531669383,-27.0,-27.0
47.88805911342659,47.93059434373915,-0.050089199862921346,-1.1108598522387367e-05,-3.141246531669383,-25.0,-25.0
44.500393938706075,44.55355369237671,-0.046552950074743395,-9.884624905775223e-06,-3.141246531669383,-23.0,-23.0
41.25920420053263,41.324155257705534,-0.04317045027735579,-8.713867533363609e-06,-3.141246531669383,-22.0,-22.0
38.311804885433006,38.389201697544316,-0.04009545046154888,-7.649542649353049e-06,-3.141246531669383,-20.0,-20.0
35.51082197035627,35.60194939122394,-0.03717420063653232,-6.6384340095430174e-06,-3.141246531669383,-19.0,-19.0
33.00369559789046,33.109075839176015,-0.03456045079309644,-5.733757858134042e-06,-3.141246531669383,-17.0,-17.0
30.64298712130562,30.763902045095026,-0.032100450940450914,-4.882297950925595e-06,-3.141246531669383,-16.0,-16.0
0,0,-0.02979420107859573,-4.084054287917675e-06,-3.141246531669383,-15.0,-15.0
0,0,-0.02979420107859573,-4.084054287917675e-06,-3.141246531669383,0.0,0.0
0,0,-0.02979420107859573,-4.084054287917675e-06,-3.141246531669383,0.0,0.0
0,0,-0.02979420107859573,-4.084054287917675e-06,-3.141246531669383,0.0,0.0
0,0,-0.02979420107859573,-4.084054287917675e-06,-3.141246531669383,0.0,0.0
0,0,-0.02979420107859573,-4.084054287917675e-06,-3.141246531669383,0.0,0.0
0,0,-0.02979420107859573,-4.084054287917675e-06,-3.141246531669383,0.0,0.0
0,0,-0.02979420107859573,-4.084054287917675e-06,-3.141246531669383,0.0,0.0
0,0,-0.02979420107859573,-4.084054287917675e-06,-3.141246531669383,0.0,0.0
0,0,-0.02979420107859573,-4.084054287917675e-06,-3.141246531669383,0.0,0.0
0,0,-0.02979420107859573,-4.084054287917675e-06,-3.141246531669383,0.0,0.0
0,0,-0.02979420107859573,-4.084054287917675e-06,-3.141246531669383,0.0,0.0
0,0,-0.02979420107859573,-4.084054287917675e-06,-3.141246531669383,0.0,0.0
0,0,-0.02979420107859573,-4.084054287917675e-06,-3.141246531669383,0.0,0.0
0,0,-0.02979420107859573,-4.084054287917675e-06,-3.141246531669383,0.0,0.0
0,0,-0.02979420107859573,-4.084054287917675e-06,-3.141246531669383,0.0,0.0
0,0,-0.02979420107859573,-4.084054287917675e-06,-3.141246531669383,0.0,0.0
0,0,-0.02979420107859573,-4.084054287917675e-06,-3.141246531669383,0.0,0.0
